epoch,time,train/box_loss,train/cls_loss,train/dfl_loss,train/dis_loss,metrics/precision(B),metrics/recall(B),metrics/mAP50(B),metrics/mAP50-95(B),val/box_loss,val/cls_loss,val/dfl_loss,val/dis_loss,lr/pg0,lr/pg1,lr/pg2
1,141.516,1.57129,2.70848,1.10691,13.547,0.58898,0.44004,0.45542,0.23885,1.59294,3.35859,1.19853,0,0.000471522,0.000471522,0.000471522
2,251.439,1.51808,1.72166,1.07617,6.87897,0.45503,0.44071,0.22893,0.10961,1.95308,3.80593,1.47912,0,0.000938471,0.000938471,0.000938471
3,361.509,1.51716,1.43585,1.07177,5.84632,0.54096,0.4181,0.41634,0.19711,1.72343,2.02386,1.29545,0,0.00139599,0.00139599,0.00139599
4,466.832,1.49358,1.24211,1.06517,5.36937,0.56927,0.50026,0.52552,0.27387,1.67291,1.66812,1.20941,0,0.00138656,0.00138656,0.00138656
5,571.529,1.45799,1.12892,1.05054,4.93528,0.63393,0.58861,0.61712,0.35275,1.5277,1.44541,1.14456,0,0.00137241,0.00137241,0.00137241
6,674.696,1.41747,1.06263,1.03504,4.55732,0.65859,0.61481,0.68259,0.40597,1.4813,1.40053,1.12148,0,0.00135826,0.00135826,0.00135826
7,788.732,1.39672,1.03071,1.02876,4.33335,0.68004,0.56379,0.64036,0.3842,1.4578,1.37143,1.11323,0,0.00134412,0.00134412,0.00134412
8,894.893,1.3756,0.99104,1.01904,4.16237,0.72819,0.61838,0.69431,0.41761,1.47304,1.24329,1.12715,0,0.00132997,0.00132997,0.00132997
9,1016.08,1.36679,0.97089,1.0132,4.00498,0.7514,0.64773,0.70418,0.43517,1.49013,1.23106,1.11394,0,0.00131582,0.00131582,0.00131582
10,1116.77,1.34307,0.94995,1.00728,3.87437,0.76652,0.64497,0.73343,0.44531,1.505,1.13766,1.13672,0,0.00130168,0.00130168,0.00130168
11,1215.44,1.33163,0.92819,1.00003,3.73877,0.74816,0.64208,0.74073,0.46963,1.38453,1.20943,1.0708,0,0.00128753,0.00128753,0.00128753
12,1312.83,1.31703,0.90915,0.99871,3.63951,0.79351,0.68726,0.75785,0.47905,1.39069,1.07315,1.07059,0,0.00127338,0.00127338,0.00127338
13,1411.37,1.30663,0.90402,0.99378,3.56692,0.81632,0.66011,0.75419,0.47565,1.41671,1.10515,1.07583,0,0.00125923,0.00125923,0.00125923
14,1514.47,1.28964,0.88013,0.9889,3.45185,0.79923,0.70049,0.77181,0.5017,1.33387,1.02372,1.03634,0,0.00124509,0.00124509,0.00124509
15,1620.02,1.28731,0.86934,0.98436,3.38756,0.77027,0.67512,0.74755,0.4795,1.37878,1.17536,1.05827,0,0.00123094,0.00123094,0.00123094
16,1720.7,1.27649,0.86391,0.98525,3.34095,0.8381,0.65679,0.77071,0.49621,1.34329,1.11387,1.04666,0,0.00121679,0.00121679,0.00121679
17,1822.37,1.26382,0.85047,0.98082,3.25915,0.8174,0.69497,0.7749,0.5071,1.32313,1.06274,1.03245,0,0.00120265,0.00120265,0.00120265
18,1923.52,1.25654,0.83973,0.97751,3.18435,0.80953,0.70385,0.7703,0.50821,1.34379,1.05217,1.035,0,0.0011885,0.0011885,0.0011885
19,2023.89,1.24853,0.83611,0.97545,3.14877,0.82282,0.72083,0.78988,0.51673,1.3253,0.99039,1.03221,0,0.00117435,0.00117435,0.00117435
20,2118.06,1.24197,0.82555,0.97245,3.0982,0.82756,0.69944,0.77763,0.51433,1.32071,1.0508,1.02662,0,0.00116021,0.00116021,0.00116021
21,2220.03,1.24073,0.81821,0.9685,3.06193,0.84813,0.6928,0.79633,0.53414,1.32037,0.93861,1.03831,0,0.00114606,0.00114606,0.00114606
22,2317.55,1.23058,0.80957,0.96907,3.01997,0.79737,0.72871,0.79037,0.52668,1.29442,0.94652,1.01541,0,0.00113191,0.00113191,0.00113191
23,2416.41,1.2293,0.8042,0.96629,2.97671,0.82861,0.69833,0.77693,0.52376,1.29276,1.05259,1.01155,0,0.00111776,0.00111776,0.00111776
24,2519.15,1.21394,0.79678,0.96412,2.93337,0.80751,0.66131,0.76512,0.50675,1.31197,1.13561,1.03338,0,0.00110362,0.00110362,0.00110362
25,2615.24,1.21228,0.79095,0.96323,2.88502,0.82662,0.70572,0.77719,0.53104,1.27938,1.08595,1.00349,0,0.00108947,0.00108947,0.00108947
26,2714.75,1.21099,0.78565,0.95956,2.84132,0.82672,0.72582,0.79786,0.53726,1.27471,0.97028,1.00621,0,0.00107532,0.00107532,0.00107532
27,2826.67,1.20083,0.77872,0.95856,2.80615,0.84066,0.73434,0.79618,0.54146,1.29121,0.94171,1.01924,0,0.00106118,0.00106118,0.00106118
28,2936.58,1.20189,0.77292,0.958,2.79093,0.83549,0.73591,0.80432,0.55157,1.26084,0.93252,1.00135,0,0.00104703,0.00104703,0.00104703
29,3050.15,1.19139,0.76995,0.95472,2.74303,0.82821,0.73923,0.80489,0.54868,1.28135,0.95475,1.0173,0,0.00103288,0.00103288,0.00103288
30,3164.88,1.19017,0.76494,0.95509,2.70855,0.84519,0.73247,0.80461,0.54695,1.28001,0.9306,1.01601,0,0.00101873,0.00101873,0.00101873
31,3264.36,1.18659,0.76112,0.95244,2.67462,0.84656,0.73059,0.79962,0.55085,1.26203,0.9969,0.99012,0,0.00100459,0.00100459,0.00100459
32,3370.76,1.1818,0.7547,0.94902,2.64652,0.83745,0.74513,0.80836,0.55044,1.26874,0.89801,1.01183,0,0.00099044,0.00099044,0.00099044
33,3489.16,1.17432,0.74731,0.94905,2.61916,0.84996,0.74866,0.81438,0.56712,1.2478,0.90337,0.99586,0,0.000976293,0.000976293,0.000976293
34,3598.29,1.17345,0.74424,0.94845,2.58277,0.84761,0.73667,0.80256,0.55176,1.27745,0.97128,1.00617,0,0.000962146,0.000962146,0.000962146
35,3703.93,1.16627,0.73995,0.94704,2.56864,0.85108,0.7453,0.81356,0.56619,1.23751,0.90549,0.9871,0,0.000947999,0.000947999,0.000947999
36,3814.35,1.15997,0.73683,0.94658,2.53489,0.85361,0.75455,0.82025,0.57088,1.23657,0.86286,0.99217,0,0.000933851,0.000933851,0.000933851
37,3931.91,1.16732,0.73852,0.94646,2.54014,0.86232,0.7434,0.81416,0.56498,1.24989,0.91904,1.00348,0,0.000919704,0.000919704,0.000919704
38,4049.56,1.1582,0.73332,0.9404,2.48529,0.8488,0.74731,0.81257,0.55897,1.25113,0.89585,1.00499,0,0.000905557,0.000905557,0.000905557
39,4153.2,1.1558,0.72668,0.94026,2.48203,0.84387,0.74209,0.80603,0.56374,1.26413,0.91974,1.00509,0,0.00089141,0.00089141,0.00089141
40,4264.18,1.15017,0.72477,0.94376,2.46662,0.84624,0.74202,0.80584,0.56253,1.25105,0.94336,0.98834,0,0.000877263,0.000877263,0.000877263
41,4370.9,1.14549,0.72066,0.94265,2.44753,0.84209,0.75628,0.81394,0.569,1.24404,0.88855,0.9833,0,0.000863116,0.000863116,0.000863116
42,4479.77,1.141,0.71426,0.9397,2.40379,0.84762,0.73939,0.8119,0.57234,1.22696,0.92403,0.98618,0,0.000848969,0.000848969,0.000848969
43,4585.54,1.13127,0.70481,0.93737,2.36129,0.84391,0.76539,0.82331,0.57692,1.22199,0.848,0.97458,0,0.000834822,0.000834822,0.000834822
44,4709.93,1.14027,0.70879,0.93485,2.37604,0.86098,0.75165,0.81701,0.57691,1.22412,0.88515,0.98581,0,0.000820675,0.000820675,0.000820675
45,4814.26,1.13918,0.70877,0.93513,2.35402,0.84633,0.75924,0.8211,0.57752,1.21552,0.86354,0.97452,0,0.000806528,0.000806528,0.000806528
46,4912.83,1.12351,0.69999,0.93302,2.32092,0.85667,0.77226,0.83,0.5866,1.21923,0.82189,0.98009,0,0.00079238,0.00079238,0.00079238
47,5025.71,1.12444,0.69531,0.93223,2.30692,0.85718,0.74279,0.80989,0.57555,1.21231,0.93784,0.97567,0,0.000778233,0.000778233,0.000778233
48,5127.98,1.12543,0.69233,0.93317,2.29256,0.85228,0.74783,0.81577,0.57648,1.23018,0.89255,0.98789,0,0.000764086,0.000764086,0.000764086
49,5233.86,1.12293,0.69313,0.93158,2.28919,0.85408,0.76423,0.82249,0.58128,1.21349,0.86421,0.97261,0,0.000749939,0.000749939,0.000749939
50,5334.98,1.11743,0.69024,0.93073,2.28027,0.85568,0.7585,0.82301,0.58296,1.20517,0.85917,0.97452,0,0.000735792,0.000735792,0.000735792
51,5441.85,1.11717,0.69092,0.93047,2.24767,0.86115,0.75918,0.82329,0.58133,1.20944,0.85306,0.97467,0,0.000721645,0.000721645,0.000721645
52,5556.2,1.11502,0.68255,0.92792,2.22977,0.85623,0.76114,0.82326,0.58419,1.21188,0.84876,0.98156,0,0.000707498,0.000707498,0.000707498
53,5670,1.11259,0.68304,0.92813,2.248,0.85472,0.75027,0.81938,0.57987,1.20831,0.87619,0.97149,0,0.000693351,0.000693351,0.000693351
54,5775.52,1.11367,0.68238,0.92658,2.21136,0.85879,0.7726,0.82907,0.58713,1.20245,0.82919,0.96993,0,0.000679204,0.000679204,0.000679204
55,5874.98,1.1122,0.67479,0.92733,2.18987,0.87074,0.75064,0.82025,0.58434,1.21428,0.89475,0.97456,0,0.000665057,0.000665057,0.000665057
56,5974.53,1.10316,0.67338,0.92847,2.17345,0.86221,0.77,0.82932,0.59019,1.21284,0.82845,0.98019,0,0.000650909,0.000650909,0.000650909
57,6076.35,1.09996,0.67181,0.92243,2.15832,0.85423,0.75851,0.82229,0.58577,1.20361,0.87014,0.97093,0,0.000636762,0.000636762,0.000636762
58,6178.98,1.09687,0.66582,0.92655,2.1367,0.85634,0.76031,0.81932,0.5826,1.21998,0.87763,0.9792,0,0.000622615,0.000622615,0.000622615
59,6284.42,1.0932,0.66452,0.92181,2.12652,0.85865,0.76129,0.8208,0.58635,1.20706,0.86938,0.97206,0,0.000608468,0.000608468,0.000608468
60,6392.24,1.0966,0.6652,0.92388,2.1301,0.86296,0.77042,0.82957,0.59254,1.19633,0.81339,0.96867,0,0.000594321,0.000594321,0.000594321
61,6500.85,1.08727,0.65974,0.92032,2.10118,0.8604,0.7624,0.82386,0.5885,1.20118,0.84183,0.96957,0,0.000580174,0.000580174,0.000580174
62,6616.49,1.08189,0.65729,0.92228,2.0989,0.86996,0.76018,0.82604,0.58939,1.20813,0.86456,0.97357,0,0.000566027,0.000566027,0.000566027
63,6732.13,1.08366,0.65493,0.91903,2.08182,0.86225,0.76115,0.82576,0.59168,1.20433,0.84705,0.97184,0,0.00055188,0.00055188,0.00055188
64,6846.49,1.08666,0.65508,0.92039,2.07713,0.85871,0.7664,0.82767,0.59239,1.19734,0.8364,0.96973,0,0.000537733,0.000537733,0.000537733
65,6953.49,1.08019,0.64914,0.91875,2.04468,0.8583,0.76408,0.82622,0.59039,1.2024,0.84472,0.97823,0,0.000523586,0.000523586,0.000523586
66,7063.06,1.08389,0.65157,0.91995,2.057,0.87613,0.75889,0.82746,0.59189,1.20181,0.84539,0.97004,0,0.000509438,0.000509438,0.000509438
67,7179.51,1.0756,0.64625,0.91739,2.03182,0.85835,0.77066,0.83003,0.59534,1.19713,0.82362,0.97499,0,0.000495291,0.000495291,0.000495291
68,7287.51,1.0679,0.64417,0.91844,2.01852,0.86965,0.76547,0.83028,0.59351,1.19454,0.82629,0.97227,0,0.000481144,0.000481144,0.000481144
69,7391.91,1.06716,0.63875,0.91386,2.01516,0.86666,0.76685,0.83136,0.59568,1.19088,0.83202,0.96552,0,0.000466997,0.000466997,0.000466997
70,7505.81,1.06817,0.63885,0.91581,2.0055,0.86934,0.76976,0.83198,0.59662,1.18608,0.82977,0.96022,0,0.00045285,0.00045285,0.00045285
71,7618.95,1.06475,0.63503,0.91529,1.97532,0.86477,0.76805,0.83108,0.59537,1.19722,0.82561,0.9738,0,0.000438703,0.000438703,0.000438703
72,7737.84,1.06093,0.63377,0.91417,1.98067,0.86764,0.77115,0.83157,0.59691,1.19502,0.81605,0.97087,0,0.000424556,0.000424556,0.000424556
73,7859.91,1.06647,0.63508,0.91547,1.96635,0.86479,0.77331,0.83149,0.595,1.19791,0.81215,0.97109,0,0.000410409,0.000410409,0.000410409
74,7977.73,1.06485,0.63603,0.91369,1.97176,0.86966,0.76222,0.82691,0.59399,1.20244,0.86061,0.97065,0,0.000396262,0.000396262,0.000396262
75,8292.99,1.05487,0.62783,0.91267,1.95636,0.8693,0.76274,0.82678,0.59245,1.19615,0.85671,0.96702,0,0.000382115,0.000382115,0.000382115
76,8558.61,1.05483,0.62893,0.91433,1.93791,0.86816,0.77171,0.83021,0.59397,1.2052,0.82121,0.97438,0,0.000367967,0.000367967,0.000367967
77,8679.45,1.05426,0.62509,0.91075,1.93085,0.85672,0.77277,0.83016,0.59571,1.19236,0.82247,0.96798,0,0.00035382,0.00035382,0.00035382
78,8802.83,1.05389,0.62684,0.91146,1.92017,0.86329,0.77326,0.83214,0.59572,1.19797,0.81149,0.97103,0,0.000339673,0.000339673,0.000339673
79,8924.28,1.04814,0.62209,0.90986,1.91162,0.87037,0.76864,0.83141,0.59627,1.19915,0.82124,0.97234,0,0.000325526,0.000325526,0.000325526
80,9052.82,1.04668,0.62164,0.91189,1.89552,0.86978,0.77239,0.83389,0.59522,1.19634,0.81109,0.97116,0,0.000311379,0.000311379,0.000311379
81,9194.63,1.04732,0.61835,0.90746,1.88289,0.8606,0.7764,0.83171,0.59552,1.19999,0.83211,0.97098,0,0.000297232,0.000297232,0.000297232
82,9344.38,1.03838,0.61767,0.90874,1.8795,0.86378,0.77371,0.83253,0.5977,1.19461,0.83116,0.97068,0,0.000283085,0.000283085,0.000283085
83,9487.7,1.03741,0.61135,0.90767,1.86264,0.87054,0.76872,0.83221,0.59825,1.19182,0.82415,0.96848,0,0.000268938,0.000268938,0.000268938
84,9626.75,1.03671,0.61274,0.90902,1.87355,0.86937,0.77054,0.83236,0.59748,1.19297,0.82004,0.96906,0,0.000254791,0.000254791,0.000254791
85,9780.54,1.04329,0.61588,0.90789,1.86878,0.87484,0.76844,0.83272,0.59696,1.19462,0.81896,0.96969,0,0.000240644,0.000240644,0.000240644
86,9920.14,1.02754,0.60529,0.90523,1.84813,0.87407,0.76472,0.83102,0.59947,1.19014,0.82856,0.96403,0,0.000226497,0.000226497,0.000226497
87,10065.7,1.03423,0.60898,0.90605,1.84124,0.87174,0.76751,0.8315,0.59804,1.19429,0.82941,0.96743,0,0.000212349,0.000212349,0.000212349
88,10388.8,1.03467,0.60762,0.90639,1.83255,0.87063,0.76928,0.83194,0.59783,1.19178,0.82963,0.9666,0,0.000198202,0.000198202,0.000198202
89,10542.9,1.03741,0.60699,0.90534,1.83389,0.87095,0.77085,0.83273,0.59781,1.19282,0.82986,0.96933,0,0.000184055,0.000184055,0.000184055
90,10683.5,1.02857,0.60379,0.90364,1.82094,0.86789,0.77491,0.83433,0.59774,1.19233,0.81433,0.96923,0,0.000169908,0.000169908,0.000169908
91,10814.6,1.03348,0.59454,0.90356,1.90888,0.86667,0.77824,0.83461,0.59788,1.19174,0.80808,0.97006,0,0.000155761,0.000155761,0.000155761
92,10926.5,1.0179,0.5722,0.89433,1.78895,0.87258,0.77517,0.83485,0.59853,1.19191,0.80459,0.96767,0,0.000141614,0.000141614,0.000141614
93,11040.2,1.00686,0.56511,0.89008,1.76225,0.86981,0.77388,0.83422,0.59777,1.19587,0.81127,0.96906,0,0.000127467,0.000127467,0.000127467
94,11150.6,1.00746,0.56415,0.89029,1.74261,0.8681,0.77415,0.83287,0.59662,1.19842,0.81729,0.97129,0,0.00011332,0.00011332,0.00011332
95,11264.2,1.00473,0.55921,0.8902,1.73334,0.87238,0.77097,0.83205,0.59621,1.2009,0.82536,0.97244,0,9.91726e-05,9.91726e-05,9.91726e-05
96,11367.2,1.00271,0.55763,0.88904,1.71406,0.87072,0.77002,0.8315,0.59639,1.20054,0.8293,0.97212,0,8.50255e-05,8.50255e-05,8.50255e-05
97,11540,0.99765,0.55601,0.88881,1.70477,0.86962,0.77208,0.83121,0.59621,1.19834,0.83127,0.96993,0,7.08784e-05,7.08784e-05,7.08784e-05
98,11675.9,1.0006,0.55607,0.88914,1.70496,0.86659,0.77373,0.83154,0.59619,1.20028,0.83039,0.97273,0,5.67313e-05,5.67313e-05,5.67313e-05
99,11797,0.99502,0.55382,0.88694,1.68585,0.86717,0.77225,0.83153,0.59643,1.20007,0.83019,0.97266,0,4.25842e-05,4.25842e-05,4.25842e-05
100,12019.8,0.9923,0.55323,0.88798,1.67312,0.86786,0.77266,0.83151,0.59723,1.19835,0.82994,0.97027,0,2.84371e-05,2.84371e-05,2.84371e-05
