run,imgsz,kind,class,reason,width_bin,count
c4d_11n_640,640,GT,person,,4~8px,801
c4d_11n_640,640,matched,person,,4~8px,216
c4d_11n_640,640,GT,person,,8~16px,1907
c4d_11n_640,640,matched,person,,8~16px,1327
c4d_11n_640,640,GT,person,,<4px,14
c4d_11n_640,640,matched,person,,<4px,0
c4d_11n_640,640,GT,person,,>16px,2014
c4d_11n_640,640,matched,person,,>16px,1760
c4d_11n_640,640,GT,bollard,,4~8px,2392
c4d_11n_640,640,matched,bollard,,4~8px,1636
c4d_11n_640,640,GT,bollard,,8~16px,1605
c4d_11n_640,640,matched,bollard,,8~16px,1198
c4d_11n_640,640,GT,bollard,,<4px,1522
c4d_11n_640,640,matched,bollard,,<4px,485
c4d_11n_640,640,GT,bollard,,>16px,1469
c4d_11n_640,640,matched,bollard,,>16px,1167
c4d_11n_640,640,FN,person,blind,4~8px,205
c4d_11n_640,640,FN,person,blind,8~16px,121
c4d_11n_640,640,FN,person,blind,<4px,8
c4d_11n_640,640,FN,person,blind,>16px,60
c4d_11n_640,640,FN,person,lowconf,4~8px,309
c4d_11n_640,640,FN,person,lowconf,8~16px,331
c4d_11n_640,640,FN,person,lowconf,<4px,6
c4d_11n_640,640,FN,person,lowconf,>16px,112
c4d_11n_640,640,FN,person,merged,4~8px,31
c4d_11n_640,640,FN,person,merged,8~16px,99
c4d_11n_640,640,FN,person,merged,>16px,67
c4d_11n_640,640,FN,person,nearmiss,4~8px,40
c4d_11n_640,640,FN,person,nearmiss,8~16px,29
c4d_11n_640,640,FN,person,nearmiss,>16px,15
c4d_11n_640,640,FN,bollard,blind,4~8px,274
c4d_11n_640,640,FN,bollard,blind,8~16px,154
c4d_11n_640,640,FN,bollard,blind,<4px,601
c4d_11n_640,640,FN,bollard,blind,>16px,145
c4d_11n_640,640,FN,bollard,lowconf,4~8px,417
c4d_11n_640,640,FN,bollard,lowconf,8~16px,206
c4d_11n_640,640,FN,bollard,lowconf,<4px,345
c4d_11n_640,640,FN,bollard,lowconf,>16px,130
c4d_11n_640,640,FN,bollard,merged,4~8px,23
c4d_11n_640,640,FN,bollard,merged,8~16px,28
c4d_11n_640,640,FN,bollard,merged,<4px,12
c4d_11n_640,640,FN,bollard,merged,>16px,16
c4d_11n_640,640,FN,bollard,nearmiss,4~8px,42
c4d_11n_640,640,FN,bollard,nearmiss,8~16px,19
c4d_11n_640,640,FN,bollard,nearmiss,<4px,79
c4d_11n_640,640,FN,bollard,nearmiss,>16px,11
c4d_11n_640,640,FP,person,confusion,,6
c4d_11n_640,640,FP,person,dup,,154
c4d_11n_640,640,FP,person,ghost,,408
c4d_11n_640,640,FP,person,nearmiss,,138
c4d_11n_640,640,FP,stairs,ghost,,2
c4d_11n_640,640,FP,bollard,confusion,,8
c4d_11n_640,640,FP,bollard,dup,,266
c4d_11n_640,640,FP,bollard,ghost,,701
c4d_11n_640,640,FP,bollard,nearmiss,,246
c4d_11n_640,640,sweep_tp@0.25,person,,,3303
c4d_11n_640,640,sweep_fp@0.25,person,,,706
c4d_11n_640,640,sweep_tp@0.25,bollard,,,4486
c4d_11n_640,640,sweep_fp@0.25,bollard,,,1221
c4d_11n_640,640,sweep_tp@0.1,person,,,3698
c4d_11n_640,640,sweep_fp@0.1,person,,,2417
c4d_11n_640,640,sweep_tp@0.1,bollard,,,5042
c4d_11n_640,640,sweep_fp@0.1,bollard,,,3557
c4d_11n_640,640,sweep_tp@0.05,person,,,3898
c4d_11n_640,640,sweep_fp@0.05,person,,,4730
c4d_11n_640,640,sweep_tp@0.05,bollard,,,5310
c4d_11n_640,640,sweep_fp@0.05,bollard,,,6173
c4d_11n_640,640,sweep_tp@0.01,person,,,4223
c4d_11n_640,640,sweep_fp@0.01,person,,,16812
c4d_11n_640,640,sweep_tp@0.01,bollard,,,5648
c4d_11n_640,640,sweep_fp@0.01,bollard,,,18247
c4d_11n_640_noneg,640,GT,person,,4~8px,801
c4d_11n_640_noneg,640,matched,person,,4~8px,242
c4d_11n_640_noneg,640,GT,person,,8~16px,1907
c4d_11n_640_noneg,640,matched,person,,8~16px,1362
c4d_11n_640_noneg,640,GT,person,,<4px,14
c4d_11n_640_noneg,640,matched,person,,<4px,0
c4d_11n_640_noneg,640,GT,person,,>16px,2014
c4d_11n_640_noneg,640,matched,person,,>16px,1786
c4d_11n_640_noneg,640,GT,bollard,,4~8px,2392
c4d_11n_640_noneg,640,matched,bollard,,4~8px,1672
c4d_11n_640_noneg,640,GT,bollard,,8~16px,1605
c4d_11n_640_noneg,640,matched,bollard,,8~16px,1217
c4d_11n_640_noneg,640,GT,bollard,,<4px,1522
c4d_11n_640_noneg,640,matched,bollard,,<4px,546
c4d_11n_640_noneg,640,GT,bollard,,>16px,1469
c4d_11n_640_noneg,640,matched,bollard,,>16px,1193
c4d_11n_640_noneg,640,FN,person,blind,4~8px,198
c4d_11n_640_noneg,640,FN,person,blind,8~16px,112
c4d_11n_640_noneg,640,FN,person,blind,<4px,7
c4d_11n_640_noneg,640,FN,person,blind,>16px,53
c4d_11n_640_noneg,640,FN,person,lowconf,4~8px,293
c4d_11n_640_noneg,640,FN,person,lowconf,8~16px,312
c4d_11n_640_noneg,640,FN,person,lowconf,<4px,5
c4d_11n_640_noneg,640,FN,person,lowconf,>16px,96
c4d_11n_640_noneg,640,FN,person,merged,4~8px,34
c4d_11n_640_noneg,640,FN,person,merged,8~16px,93
c4d_11n_640_noneg,640,FN,person,merged,<4px,1
c4d_11n_640_noneg,640,FN,person,merged,>16px,65
c4d_11n_640_noneg,640,FN,person,nearmiss,4~8px,34
c4d_11n_640_noneg,640,FN,person,nearmiss,8~16px,28
c4d_11n_640_noneg,640,FN,person,nearmiss,<4px,1
c4d_11n_640_noneg,640,FN,person,nearmiss,>16px,14
c4d_11n_640_noneg,640,FN,bollard,blind,4~8px,240
c4d_11n_640_noneg,640,FN,bollard,blind,8~16px,146
c4d_11n_640_noneg,640,FN,bollard,blind,<4px,582
c4d_11n_640_noneg,640,FN,bollard,blind,>16px,130
c4d_11n_640_noneg,640,FN,bollard,lowconf,4~8px,405
c4d_11n_640_noneg,640,FN,bollard,lowconf,8~16px,193
c4d_11n_640_noneg,640,FN,bollard,lowconf,<4px,281
c4d_11n_640_noneg,640,FN,bollard,lowconf,>16px,118
c4d_11n_640_noneg,640,FN,bollard,merged,4~8px,27
c4d_11n_640_noneg,640,FN,bollard,merged,8~16px,32
c4d_11n_640_noneg,640,FN,bollard,merged,<4px,13
c4d_11n_640_noneg,640,FN,bollard,merged,>16px,18
c4d_11n_640_noneg,640,FN,bollard,nearmiss,4~8px,48
c4d_11n_640_noneg,640,FN,bollard,nearmiss,8~16px,17
c4d_11n_640_noneg,640,FN,bollard,nearmiss,<4px,100
c4d_11n_640_noneg,640,FN,bollard,nearmiss,>16px,10
c4d_11n_640_noneg,640,FP,person,confusion,,12
c4d_11n_640_noneg,640,FP,person,dup,,161
c4d_11n_640_noneg,640,FP,person,ghost,,499
c4d_11n_640_noneg,640,FP,person,nearmiss,,148
c4d_11n_640_noneg,640,FP,stairs,ghost,,1
c4d_11n_640_noneg,640,FP,bollard,confusion,,6
c4d_11n_640_noneg,640,FP,bollard,dup,,273
c4d_11n_640_noneg,640,FP,bollard,ghost,,784
c4d_11n_640_noneg,640,FP,bollard,nearmiss,,298
c4d_11n_640_noneg,640,sweep_tp@0.25,person,,,3390
c4d_11n_640_noneg,640,sweep_fp@0.25,person,,,820
c4d_11n_640_noneg,640,sweep_tp@0.25,bollard,,,4628
c4d_11n_640_noneg,640,sweep_fp@0.25,bollard,,,1361
c4d_11n_640_noneg,640,sweep_tp@0.1,person,,,3790
c4d_11n_640_noneg,640,sweep_fp@0.1,person,,,2872
c4d_11n_640_noneg,640,sweep_tp@0.1,bollard,,,5177
c4d_11n_640_noneg,640,sweep_fp@0.1,bollard,,,3846
c4d_11n_640_noneg,640,sweep_tp@0.05,person,,,3982
c4d_11n_640_noneg,640,sweep_fp@0.05,person,,,5756
c4d_11n_640_noneg,640,sweep_tp@0.05,bollard,,,5392
c4d_11n_640_noneg,640,sweep_fp@0.05,bollard,,,6713
c4d_11n_640_noneg,640,sweep_tp@0.01,person,,,4251
c4d_11n_640_noneg,640,sweep_fp@0.01,person,,,21151
c4d_11n_640_noneg,640,sweep_tp@0.01,bollard,,,5702
c4d_11n_640_noneg,640,sweep_fp@0.01,bollard,,,19573
c4d_11n_960,960,GT,person,,4~8px,801
c4d_11n_960,960,matched,person,,4~8px,332
c4d_11n_960,960,GT,person,,8~16px,1907
c4d_11n_960,960,matched,person,,8~16px,1498
c4d_11n_960,960,GT,person,,<4px,14
c4d_11n_960,960,matched,person,,<4px,1
c4d_11n_960,960,GT,person,,>16px,2014
c4d_11n_960,960,matched,person,,>16px,1817
c4d_11n_960,960,GT,bollard,,4~8px,2392
c4d_11n_960,960,matched,bollard,,4~8px,1860
c4d_11n_960,960,GT,bollard,,8~16px,1605
c4d_11n_960,960,matched,bollard,,8~16px,1299
c4d_11n_960,960,GT,bollard,,<4px,1522
c4d_11n_960,960,matched,bollard,,<4px,710
c4d_11n_960,960,GT,bollard,,>16px,1469
c4d_11n_960,960,matched,bollard,,>16px,1217
c4d_11n_960,960,FN,person,blind,4~8px,116
c4d_11n_960,960,FN,person,blind,8~16px,70
c4d_11n_960,960,FN,person,blind,<4px,6
c4d_11n_960,960,FN,person,blind,>16px,39
c4d_11n_960,960,FN,person,lowconf,4~8px,310
c4d_11n_960,960,FN,person,lowconf,8~16px,243
c4d_11n_960,960,FN,person,lowconf,<4px,5
c4d_11n_960,960,FN,person,lowconf,>16px,78
c4d_11n_960,960,FN,person,merged,4~8px,25
c4d_11n_960,960,FN,person,merged,8~16px,78
c4d_11n_960,960,FN,person,merged,<4px,2
c4d_11n_960,960,FN,person,merged,>16px,60
c4d_11n_960,960,FN,person,nearmiss,4~8px,18
c4d_11n_960,960,FN,person,nearmiss,8~16px,18
c4d_11n_960,960,FN,person,nearmiss,>16px,20
c4d_11n_960,960,FN,bollard,blind,4~8px,141
c4d_11n_960,960,FN,bollard,blind,8~16px,100
c4d_11n_960,960,FN,bollard,blind,<4px,330
c4d_11n_960,960,FN,bollard,blind,>16px,118
c4d_11n_960,960,FN,bollard,lowconf,4~8px,342
c4d_11n_960,960,FN,bollard,lowconf,8~16px,161
c4d_11n_960,960,FN,bollard,lowconf,<4px,421
c4d_11n_960,960,FN,bollard,lowconf,>16px,107
c4d_11n_960,960,FN,bollard,merged,4~8px,23
c4d_11n_960,960,FN,bollard,merged,8~16px,28
c4d_11n_960,960,FN,bollard,merged,<4px,13
c4d_11n_960,960,FN,bollard,merged,>16px,12
c4d_11n_960,960,FN,bollard,nearmiss,4~8px,26
c4d_11n_960,960,FN,bollard,nearmiss,8~16px,17
c4d_11n_960,960,FN,bollard,nearmiss,<4px,48
c4d_11n_960,960,FN,bollard,nearmiss,>16px,15
c4d_11n_960,960,FP,person,confusion,,7
c4d_11n_960,960,FP,person,dup,,139
c4d_11n_960,960,FP,person,ghost,,427
c4d_11n_960,960,FP,person,nearmiss,,107
c4d_11n_960,960,FP,stairs,ghost,,2
c4d_11n_960,960,FP,bollard,confusion,,4
c4d_11n_960,960,FP,bollard,dup,,200
c4d_11n_960,960,FP,bollard,ghost,,765
c4d_11n_960,960,FP,bollard,nearmiss,,174
c4d_11n_960,960,sweep_tp@0.25,person,,,3648
c4d_11n_960,960,sweep_fp@0.25,person,,,680
c4d_11n_960,960,sweep_tp@0.25,bollard,,,5086
c4d_11n_960,960,sweep_fp@0.25,bollard,,,1143
c4d_11n_960,960,sweep_tp@0.1,person,,,3984
c4d_11n_960,960,sweep_fp@0.1,person,,,2240
c4d_11n_960,960,sweep_tp@0.1,bollard,,,5634
c4d_11n_960,960,sweep_fp@0.1,bollard,,,3057
c4d_11n_960,960,sweep_tp@0.05,person,,,4164
c4d_11n_960,960,sweep_fp@0.05,person,,,4231
c4d_11n_960,960,sweep_tp@0.05,bollard,,,5861
c4d_11n_960,960,sweep_fp@0.05,bollard,,,5378
c4d_11n_960,960,sweep_tp@0.01,person,,,4438
c4d_11n_960,960,sweep_fp@0.01,person,,,14420
c4d_11n_960,960,sweep_tp@0.01,bollard,,,6191
c4d_11n_960,960,sweep_fp@0.01,bollard,,,15516
c4d_11s_640,640,GT,person,,4~8px,801
c4d_11s_640,640,matched,person,,4~8px,327
c4d_11s_640,640,GT,person,,8~16px,1907
c4d_11s_640,640,matched,person,,8~16px,1496
c4d_11s_640,640,GT,person,,<4px,14
c4d_11s_640,640,matched,person,,<4px,2
c4d_11s_640,640,GT,person,,>16px,2014
c4d_11s_640,640,matched,person,,>16px,1811
c4d_11s_640,640,GT,bollard,,4~8px,2392
c4d_11s_640,640,matched,bollard,,4~8px,1769
c4d_11s_640,640,GT,bollard,,8~16px,1605
c4d_11s_640,640,matched,bollard,,8~16px,1255
c4d_11s_640,640,GT,bollard,,<4px,1522
c4d_11s_640,640,matched,bollard,,<4px,627
c4d_11s_640,640,GT,bollard,,>16px,1469
c4d_11s_640,640,matched,bollard,,>16px,1213
c4d_11s_640,640,FN,person,blind,4~8px,144
c4d_11s_640,640,FN,person,blind,8~16px,93
c4d_11s_640,640,FN,person,blind,<4px,5
c4d_11s_640,640,FN,person,blind,>16px,41
c4d_11s_640,640,FN,person,lowconf,4~8px,276
c4d_11s_640,640,FN,person,lowconf,8~16px,212
c4d_11s_640,640,FN,person,lowconf,<4px,5
c4d_11s_640,640,FN,person,lowconf,>16px,81
c4d_11s_640,640,FN,person,merged,4~8px,31
c4d_11s_640,640,FN,person,merged,8~16px,79
c4d_11s_640,640,FN,person,merged,<4px,1
c4d_11s_640,640,FN,person,merged,>16px,62
c4d_11s_640,640,FN,person,nearmiss,4~8px,23
c4d_11s_640,640,FN,person,nearmiss,8~16px,27
c4d_11s_640,640,FN,person,nearmiss,<4px,1
c4d_11s_640,640,FN,person,nearmiss,>16px,19
c4d_11s_640,640,FN,bollard,blind,4~8px,211
c4d_11s_640,640,FN,bollard,blind,8~16px,134
c4d_11s_640,640,FN,bollard,blind,<4px,510
c4d_11s_640,640,FN,bollard,blind,>16px,131
c4d_11s_640,640,FN,bollard,lowconf,4~8px,357
c4d_11s_640,640,FN,bollard,lowconf,8~16px,165
c4d_11s_640,640,FN,bollard,lowconf,<4px,296
c4d_11s_640,640,FN,bollard,lowconf,>16px,100
c4d_11s_640,640,FN,bollard,merged,4~8px,26
c4d_11s_640,640,FN,bollard,merged,8~16px,39
c4d_11s_640,640,FN,bollard,merged,<4px,14
c4d_11s_640,640,FN,bollard,merged,>16px,15
c4d_11s_640,640,FN,bollard,nearmiss,4~8px,29
c4d_11s_640,640,FN,bollard,nearmiss,8~16px,12
c4d_11s_640,640,FN,bollard,nearmiss,<4px,75
c4d_11s_640,640,FN,bollard,nearmiss,>16px,10
c4d_11s_640,640,FP,person,confusion,,10
c4d_11s_640,640,FP,person,dup,,115
c4d_11s_640,640,FP,person,ghost,,440
c4d_11s_640,640,FP,person,nearmiss,,117
c4d_11s_640,640,FP,bollard,confusion,,1
c4d_11s_640,640,FP,bollard,dup,,218
c4d_11s_640,640,FP,bollard,ghost,,570
c4d_11s_640,640,FP,bollard,nearmiss,,164
c4d_11s_640,640,sweep_tp@0.25,person,,,3636
c4d_11s_640,640,sweep_fp@0.25,person,,,682
c4d_11s_640,640,sweep_tp@0.25,bollard,,,4864
c4d_11s_640,640,sweep_fp@0.25,bollard,,,953
c4d_11s_640,640,sweep_tp@0.1,person,,,3968
c4d_11s_640,640,sweep_fp@0.1,person,,,2232
c4d_11s_640,640,sweep_tp@0.1,bollard,,,5328
c4d_11s_640,640,sweep_fp@0.1,bollard,,,2469
c4d_11s_640,640,sweep_tp@0.05,person,,,4138
c4d_11s_640,640,sweep_fp@0.05,person,,,4178
c4d_11s_640,640,sweep_tp@0.05,bollard,,,5545
c4d_11s_640,640,sweep_fp@0.05,bollard,,,4121
c4d_11s_640,640,sweep_tp@0.01,person,,,4349
c4d_11s_640,640,sweep_fp@0.01,person,,,13667
c4d_11s_640,640,sweep_tp@0.01,bollard,,,5838
c4d_11s_640,640,sweep_fp@0.01,bollard,,,10566
c4d_26n_640,640,GT,person,,4~8px,801
c4d_26n_640,640,matched,person,,4~8px,263
c4d_26n_640,640,GT,person,,8~16px,1907
c4d_26n_640,640,matched,person,,8~16px,1356
c4d_26n_640,640,GT,person,,<4px,14
c4d_26n_640,640,matched,person,,<4px,2
c4d_26n_640,640,GT,person,,>16px,2014
c4d_26n_640,640,matched,person,,>16px,1719
c4d_26n_640,640,GT,bollard,,4~8px,2392
c4d_26n_640,640,matched,bollard,,4~8px,1693
c4d_26n_640,640,GT,bollard,,8~16px,1605
c4d_26n_640,640,matched,bollard,,8~16px,1149
c4d_26n_640,640,GT,bollard,,<4px,1522
c4d_26n_640,640,matched,bollard,,<4px,674
c4d_26n_640,640,GT,bollard,,>16px,1469
c4d_26n_640,640,matched,bollard,,>16px,1141
c4d_26n_640,640,FN,person,blind,4~8px,173
c4d_26n_640,640,FN,person,blind,8~16px,108
c4d_26n_640,640,FN,person,blind,<4px,7
c4d_26n_640,640,FN,person,blind,>16px,70
c4d_26n_640,640,FN,person,lowconf,4~8px,307
c4d_26n_640,640,FN,person,lowconf,8~16px,297
c4d_26n_640,640,FN,person,lowconf,<4px,4
c4d_26n_640,640,FN,person,lowconf,>16px,104
c4d_26n_640,640,FN,person,merged,4~8px,34
c4d_26n_640,640,FN,person,merged,8~16px,114
c4d_26n_640,640,FN,person,merged,<4px,1
c4d_26n_640,640,FN,person,merged,>16px,90
c4d_26n_640,640,FN,person,nearmiss,4~8px,24
c4d_26n_640,640,FN,person,nearmiss,8~16px,32
c4d_26n_640,640,FN,person,nearmiss,>16px,31
c4d_26n_640,640,FN,bollard,blind,4~8px,210
c4d_26n_640,640,FN,bollard,blind,8~16px,177
c4d_26n_640,640,FN,bollard,blind,<4px,408
c4d_26n_640,640,FN,bollard,blind,>16px,177
c4d_26n_640,640,FN,bollard,lowconf,4~8px,425
c4d_26n_640,640,FN,bollard,lowconf,8~16px,221
c4d_26n_640,640,FN,bollard,lowconf,<4px,367
c4d_26n_640,640,FN,bollard,lowconf,>16px,127
c4d_26n_640,640,FN,bollard,merged,4~8px,30
c4d_26n_640,640,FN,bollard,merged,8~16px,32
c4d_26n_640,640,FN,bollard,merged,<4px,17
c4d_26n_640,640,FN,bollard,merged,>16px,15
c4d_26n_640,640,FN,bollard,nearmiss,4~8px,34
c4d_26n_640,640,FN,bollard,nearmiss,8~16px,26
c4d_26n_640,640,FN,bollard,nearmiss,<4px,56
c4d_26n_640,640,FN,bollard,nearmiss,>16px,9
c4d_26n_640,640,FP,person,confusion,,3
c4d_26n_640,640,FP,person,dup,,176
c4d_26n_640,640,FP,person,ghost,,461
c4d_26n_640,640,FP,person,nearmiss,,95
c4d_26n_640,640,FP,stairs,ghost,,1
c4d_26n_640,640,FP,bollard,confusion,,2
c4d_26n_640,640,FP,bollard,dup,,235
c4d_26n_640,640,FP,bollard,ghost,,554
c4d_26n_640,640,FP,bollard,nearmiss,,134
c4d_26n_640,640,sweep_tp@0.25,person,,,3340
c4d_26n_640,640,sweep_fp@0.25,person,,,735
c4d_26n_640,640,sweep_tp@0.25,bollard,,,4657
c4d_26n_640,640,sweep_fp@0.25,bollard,,,925
c4d_26n_640,640,sweep_tp@0.1,person,,,3712
c4d_26n_640,640,sweep_fp@0.1,person,,,2382
c4d_26n_640,640,sweep_tp@0.1,bollard,,,5251
c4d_26n_640,640,sweep_fp@0.1,bollard,,,2945
c4d_26n_640,640,sweep_tp@0.05,person,,,3913
c4d_26n_640,640,sweep_fp@0.05,person,,,5014
c4d_26n_640,640,sweep_tp@0.05,bollard,,,5510
c4d_26n_640,640,sweep_fp@0.05,bollard,,,5399
c4d_26n_640,640,sweep_tp@0.01,person,,,4287
c4d_26n_640,640,sweep_fp@0.01,person,,,21380
c4d_26n_640,640,sweep_tp@0.01,bollard,,,5894
c4d_26n_640,640,sweep_fp@0.01,bollard,,,17926
c4d_26n_960,960,GT,person,,4~8px,801
c4d_26n_960,960,matched,person,,4~8px,395
c4d_26n_960,960,GT,person,,8~16px,1907
c4d_26n_960,960,matched,person,,8~16px,1539
c4d_26n_960,960,GT,person,,<4px,14
c4d_26n_960,960,matched,person,,<4px,1
c4d_26n_960,960,GT,person,,>16px,2014
c4d_26n_960,960,matched,person,,>16px,1795
c4d_26n_960,960,GT,bollard,,4~8px,2392
c4d_26n_960,960,matched,bollard,,4~8px,1835
c4d_26n_960,960,GT,bollard,,8~16px,1605
c4d_26n_960,960,matched,bollard,,8~16px,1250
c4d_26n_960,960,GT,bollard,,<4px,1522
c4d_26n_960,960,matched,bollard,,<4px,747
c4d_26n_960,960,GT,bollard,,>16px,1469
c4d_26n_960,960,matched,bollard,,>16px,1180
c4d_26n_960,960,FN,person,blind,4~8px,112
c4d_26n_960,960,FN,person,blind,8~16px,80
c4d_26n_960,960,FN,person,blind,<4px,3
c4d_26n_960,960,FN,person,blind,>16px,51
c4d_26n_960,960,FN,person,lowconf,4~8px,249
c4d_26n_960,960,FN,person,lowconf,8~16px,178
c4d_26n_960,960,FN,person,lowconf,<4px,7
c4d_26n_960,960,FN,person,lowconf,>16px,76
c4d_26n_960,960,FN,person,merged,4~8px,28
c4d_26n_960,960,FN,person,merged,8~16px,90
c4d_26n_960,960,FN,person,merged,<4px,3
c4d_26n_960,960,FN,person,merged,>16px,69
c4d_26n_960,960,FN,person,nearmiss,4~8px,17
c4d_26n_960,960,FN,person,nearmiss,8~16px,20
c4d_26n_960,960,FN,person,nearmiss,>16px,23
c4d_26n_960,960,FN,bollard,blind,4~8px,159
c4d_26n_960,960,FN,bollard,blind,8~16px,128
c4d_26n_960,960,FN,bollard,blind,<4px,268
c4d_26n_960,960,FN,bollard,blind,>16px,157
c4d_26n_960,960,FN,bollard,lowconf,4~8px,350
c4d_26n_960,960,FN,bollard,lowconf,8~16px,175
c4d_26n_960,960,FN,bollard,lowconf,<4px,462
c4d_26n_960,960,FN,bollard,lowconf,>16px,111
c4d_26n_960,960,FN,bollard,merged,4~8px,29
c4d_26n_960,960,FN,bollard,merged,8~16px,35
c4d_26n_960,960,FN,bollard,merged,<4px,12
c4d_26n_960,960,FN,bollard,merged,>16px,18
c4d_26n_960,960,FN,bollard,nearmiss,4~8px,19
c4d_26n_960,960,FN,bollard,nearmiss,8~16px,17
c4d_26n_960,960,FN,bollard,nearmiss,<4px,33
c4d_26n_960,960,FN,bollard,nearmiss,>16px,3
c4d_26n_960,960,FP,person,confusion,,5
c4d_26n_960,960,FP,person,dup,,181
c4d_26n_960,960,FP,person,ghost,,488
c4d_26n_960,960,FP,person,nearmiss,,69
c4d_26n_960,960,FP,stairs,ghost,,1
c4d_26n_960,960,FP,bollard,dup,,223
c4d_26n_960,960,FP,bollard,ghost,,495
c4d_26n_960,960,FP,bollard,nearmiss,,74
c4d_26n_960,960,sweep_tp@0.25,person,,,3730
c4d_26n_960,960,sweep_fp@0.25,person,,,743
c4d_26n_960,960,sweep_tp@0.25,bollard,,,5012
c4d_26n_960,960,sweep_fp@0.25,bollard,,,792
c4d_26n_960,960,sweep_tp@0.1,person,,,4035
c4d_26n_960,960,sweep_fp@0.1,person,,,1957
c4d_26n_960,960,sweep_tp@0.1,bollard,,,5529
c4d_26n_960,960,sweep_fp@0.1,bollard,,,2270
c4d_26n_960,960,sweep_tp@0.05,person,,,4175
c4d_26n_960,960,sweep_fp@0.05,person,,,3603
c4d_26n_960,960,sweep_tp@0.05,bollard,,,5792
c4d_26n_960,960,sweep_fp@0.05,bollard,,,4092
c4d_26n_960,960,sweep_tp@0.01,person,,,4401
c4d_26n_960,960,sweep_fp@0.01,person,,,13083
c4d_26n_960,960,sweep_tp@0.01,bollard,,,6187
c4d_26n_960,960,sweep_fp@0.01,bollard,,,12451
